id;hostname;start_date;end_date;start_hour;end_hour
1;synthesizing Loan;2022-10-31;2022-10-31;2022-10-31T18:47:53;2022-10-31T17:25:28
2;Naira back-end Bola;2022-10-31;2022-10-31;2022-10-31T10:12:47;2022-10-30T23:10:18
3;haptic;2022-10-31;2022-10-31;2022-10-31T16:43:30;2022-10-31T02:57:12
4;exuding neural;2022-10-31;2022-10-31;2022-10-31T14:27:03;2022-10-31T02:24:29
5;overriding Ergonômico Shilling;2022-10-31;2022-10-31;2022-10-31T06:39:41;2022-10-31T04:23:27
6;Sem Prático front-end;2022-10-31;2022-10-31;2022-10-31T06:45:45;2022-10-31T10:44:19
7;Rústico copy Credit;2022-10-31;2022-10-31;2022-10-31T09:34:33;2022-10-31T04:27:18
8;Accounts front-end motivating;2022-10-31;2022-10-31;2022-10-31T10:36:07;2022-10-31T22:35:08
9;Rua Gâmbia;2022-10-31;2022-10-31;2022-10-31T11:32:40;2022-10-30T23:19:52
10;Gostoso;2022-10-31;2022-10-31;2022-10-31T05:02:21;2022-10-31T15:39:33
